[
{
  "model": "admin.logentry",
  "pk": 1,
  "fields": {
    "action_time": "2023-11-20T16:18:30.313Z",
    "user": 1,
    "content_type": 7,
    "object_id": "1",
    "object_repr": "Shirts",
    "action_flag": 1,
    "change_message": "[{\"added\": {}}]"
  }
},
{
  "model": "admin.logentry",
  "pk": 2,
  "fields": {
    "action_time": "2023-11-20T16:22:21.065Z",
    "user": 1,
    "content_type": 8,
    "object_id": "1",
    "object_repr": "Holiday style shirt",
    "action_flag": 1,
    "change_message": "[{\"added\": {}}]"
  }
},
{
  "model": "admin.logentry",
  "pk": 3,
  "fields": {
    "action_time": "2023-11-20T16:29:24.347Z",
    "user": 1,
    "content_type": 8,
    "object_id": "1",
    "object_repr": "Holiday style shirt",
    "action_flag": 3,
    "change_message": ""
  }
},
{
  "model": "admin.logentry",
  "pk": 4,
  "fields": {
    "action_time": "2023-11-20T16:29:32.947Z",
    "user": 1,
    "content_type": 7,
    "object_id": "1",
    "object_repr": "Shirts",
    "action_flag": 3,
    "change_message": ""
  }
},
{
  "model": "admin.logentry",
  "pk": 5,
  "fields": {
    "action_time": "2023-11-22T16:19:10.447Z",
    "user": 1,
    "content_type": 7,
    "object_id": "2",
    "object_repr": "shoes",
    "action_flag": 1,
    "change_message": "[{\"added\": {}}]"
  }
},
{
  "model": "admin.logentry",
  "pk": 6,
  "fields": {
    "action_time": "2023-11-22T16:19:22.096Z",
    "user": 1,
    "content_type": 7,
    "object_id": "3",
    "object_repr": "shirts",
    "action_flag": 1,
    "change_message": "[{\"added\": {}}]"
  }
},
{
  "model": "admin.logentry",
  "pk": 7,
  "fields": {
    "action_time": "2023-11-22T16:22:48.264Z",
    "user": 1,
    "content_type": 8,
    "object_id": "2",
    "object_repr": "Marvin's brown shoes",
    "action_flag": 1,
    "change_message": "[{\"added\": {}}]"
  }
},
{
  "model": "admin.logentry",
  "pk": 8,
  "fields": {
    "action_time": "2023-11-22T16:24:14.631Z",
    "user": 1,
    "content_type": 8,
    "object_id": "3",
    "object_repr": "Marvin's blue shoes",
    "action_flag": 1,
    "change_message": "[{\"added\": {}}]"
  }
},
{
  "model": "admin.logentry",
  "pk": 9,
  "fields": {
    "action_time": "2023-11-22T16:26:30.937Z",
    "user": 1,
    "content_type": 8,
    "object_id": "4",
    "object_repr": "Mineral blue shirt",
    "action_flag": 1,
    "change_message": "[{\"added\": {}}]"
  }
},
{
  "model": "auth.permission",
  "pk": 1,
  "fields": {
    "name": "Can add log entry",
    "content_type": 1,
    "codename": "add_logentry"
  }
},
{
  "model": "auth.permission",
  "pk": 2,
  "fields": {
    "name": "Can change log entry",
    "content_type": 1,
    "codename": "change_logentry"
  }
},
{
  "model": "auth.permission",
  "pk": 3,
  "fields": {
    "name": "Can delete log entry",
    "content_type": 1,
    "codename": "delete_logentry"
  }
},
{
  "model": "auth.permission",
  "pk": 4,
  "fields": {
    "name": "Can view log entry",
    "content_type": 1,
    "codename": "view_logentry"
  }
},
{
  "model": "auth.permission",
  "pk": 5,
  "fields": {
    "name": "Can add permission",
    "content_type": 2,
    "codename": "add_permission"
  }
},
{
  "model": "auth.permission",
  "pk": 6,
  "fields": {
    "name": "Can change permission",
    "content_type": 2,
    "codename": "change_permission"
  }
},
{
  "model": "auth.permission",
  "pk": 7,
  "fields": {
    "name": "Can delete permission",
    "content_type": 2,
    "codename": "delete_permission"
  }
},
{
  "model": "auth.permission",
  "pk": 8,
  "fields": {
    "name": "Can view permission",
    "content_type": 2,
    "codename": "view_permission"
  }
},
{
  "model": "auth.permission",
  "pk": 9,
  "fields": {
    "name": "Can add group",
    "content_type": 3,
    "codename": "add_group"
  }
},
{
  "model": "auth.user",
  "pk": 1,
  "fields": {
    "password": "pbkdf2_sha256$600000$OrC8hBeRz3XtHSxnCnSDcB$N4VO3GwJit/OwucTlojkljctYq011xIqZYXW8iuZkwI=",
    "last_login": "2023-12-27T19:55:03.258Z",
    "is_superuser": true,
    "username": "root",
    "first_name": "",
    "last_name": "",
    "email": "root@mail.ru",
    "is_staff": true,
    "is_active": true,
    "date_joined": "2023-11-20T16:12:14.553Z",
    "groups": [],
    "user_permissions": []
  }
},
{
  "model": "auth.user",
  "pk": 5,
  "fields": {
    "password": "pbkdf2_sha256$600000$IjeosN9I7zJIVvaDHHV0U5$OD58BwhzcDvUUh5T2EYIXYjCxSUh6diRnZF/4FKrIQE=",
    "last_login": null,
    "is_superuser": false,
    "username": "hkjbkj",
    "first_name": "",
    "last_name": "",
    "email": "dgfdhf@fhjfgjghfjh.ru",
    "is_staff": false,
    "is_active": false,
    "date_joined": "2023-12-02T13:31:07.518Z",
    "groups": [],
    "user_permissions": []
  }
},
{
  "model": "auth.user",
  "pk": 14,
  "fields": {
    "password": "pbkdf2_sha256$600000$WIGHlGW5ZNITz5gBxZxZ9k$wU3g1WuV0/J1GNcLVHFG/0g/9mDf0c87miOoK8rHrOc=",
    "last_login": null,
    "is_superuser": false,
    "username": "xxx123",
    "first_name": "",
    "last_name": "",
    "email": "exserj9011@gmail.com",
    "is_staff": false,
    "is_active": true,
    "date_joined": "2023-12-05T20:06:35.894Z",
    "groups": [],
    "user_permissions": []
  }
},
{
  "model": "auth.user",
  "pk": 15,
  "fields": {
    "password": "pbkdf2_sha256$600000$KzKGWt3IhzH7a5cVQ6F3Qb$ianY8QtSRSM8HANBYhvSBMWQj7MIXWiwd2cmueVb//0=",
    "last_login": null,
    "is_superuser": false,
    "username": "Lee_13",
    "first_name": "",
    "last_name": "",
    "email": "leya_13@mail.ru",
    "is_staff": false,
    "is_active": false,
    "date_joined": "2023-12-10T08:18:28.690Z",
    "groups": [],
    "user_permissions": []
  }
},
{
  "model": "auth.user",
  "pk": 16,
  "fields": {
    "password": "pbkdf2_sha256$600000$xk4JVwJ0nYIn3xEQueiJUv$EJV7poRA/XxHw3HdpSCKEx39oEdotlEbLtQpIP0ZRyE=",
    "last_login": "2023-12-10T15:05:44.446Z",
    "is_superuser": false,
    "username": "LeiaGootc",
    "first_name": "",
    "last_name": "",
    "email": "leia131994@gmail.com",
    "is_staff": false,
    "is_active": true,
    "date_joined": "2023-12-10T08:20:01.214Z",
    "groups": [],
    "user_permissions": []
  }
},
{
  "model": "auth.user",
  "pk": 18,
  "fields": {
    "password": "pbkdf2_sha256$600000$25XqM2FQtrlZxnX7eLyIw9$WGOpq7jonUvF/DfbIqk719QKW2aT00f4Cn/Pk/UFcmg=",
    "last_login": "2023-12-17T15:16:05.906Z",
    "is_superuser": false,
    "username": "SerJ",
    "first_name": "",
    "last_name": "",
    "email": "serega_soad_90@mail.ru",
    "is_staff": false,
    "is_active": true,
    "date_joined": "2023-12-17T14:15:42.894Z",
    "groups": [],
    "user_permissions": []
  }
},
{
  "model": "auth.user",
  "pk": 21,
  "fields": {
    "password": "!9hfiHTWWxMQl5Nc1nFte6N5a5dtKxZCTOaG0FP8y",
    "last_login": "2023-12-27T19:55:36.969Z",
    "is_superuser": false,
    "username": "risen_superstar",
    "first_name": "Сергей",
    "last_name": "Гуц",
    "email": "serega_soad_90@mail.ru",
    "is_staff": false,
    "is_active": true,
    "date_joined": "2023-12-27T19:55:36.952Z",
    "groups": [],
    "user_permissions": []
  }
},
{
  "model": "contenttypes.contenttype",
  "pk": 1,
  "fields": {
    "app_label": "admin",
    "model": "logentry"
  }
},
{
  "model": "contenttypes.contenttype",
  "pk": 2,
  "fields": {
    "app_label": "auth",
    "model": "permission"
  }
},
{
  "model": "contenttypes.contenttype",
  "pk": 3,
  "fields": {
    "app_label": "auth",
    "model": "group"
  }
},
{
  "model": "contenttypes.contenttype",
  "pk": 4,
  "fields": {
    "app_label": "auth",
    "model": "user"
  }
},
{
  "model": "contenttypes.contenttype",
  "pk": 5,
  "fields": {
    "app_label": "contenttypes",
    "model": "contenttype"
  }
},
{
  "model": "contenttypes.contenttype",
  "pk": 6,
  "fields": {
    "app_label": "sessions",
    "model": "session"
  }
},
{
  "model": "contenttypes.contenttype",
  "pk": 7,
  "fields": {
    "app_label": "store",
    "model": "category"
  }
},
{
  "model": "contenttypes.contenttype",
  "pk": 8,
  "fields": {
    "app_label": "store",
    "model": "product"
  }
},
{
  "model": "contenttypes.contenttype",
  "pk": 9,
  "fields": {
    "app_label": "payment",
    "model": "shippingadress"
  }
},
{
  "model": "sessions.session",
  "pk": "0brtm7yoyp79xgc382lwyu0gqsz9uxo5",
  "fields": {
    "session_data": "gAWVFAAAAAAAAAB9lIwLc2Vzc2lvbl9rZXmUfZRzLg:1rIZCq:Rpc2RkTYm-IyHk6cq-3qbB-dwjLHeFFhHL7jTlAsfWw",
    "expire_date": "2024-01-10T19:04:40.838Z"
  }
},
{
  "model": "sessions.session",
  "pk": "4dqt359fx5wyyf235ybxjaa3nrp726n0",
  "fields": {
    "session_data": "gAWVFAAAAAAAAAB9lIwLc2Vzc2lvbl9rZXmUfZRzLg:1rIZCN:mUHO3n56MCLlmVJva_Dxob05wuBQ2Ftug8RSdd0Vq0w",
    "expire_date": "2024-01-10T19:04:11.384Z"
  }
},
{
  "model": "sessions.session",
  "pk": "4lgz6ff36xlfm0pvmgtkj7m8dktkt0si",
  "fields": {
    "session_data": "eyJzZXNzaW9uX2tleSI6e319:1r7fLa:6DCM090pqAONbarClzzfrK7HE5PjiLPijFCVG8Yezrk",
    "expire_date": "2023-12-11T17:24:38.785Z"
  }
},
{
  "model": "sessions.session",
  "pk": "4ovn6ykfyiwqsbc9amkepcmsdyq40oii",
  "fields": {
    "session_data": "eyJzZXNzaW9uX2tleSI6e319:1r80o7:-puN5GXqOtEaAIFaiKHqKiX5vv_zP3HwS4YIJi8ipcU",
    "expire_date": "2023-12-12T16:19:31.606Z"
  }
},
{
  "model": "sessions.session",
  "pk": "7g0bzt1twtte7rkn5e2ltjl1c59mau22",
  "fields": {
    "session_data": ".eJxVjDsOgzAQRO-yNbL8BZwyfc5g-bMEh8hOMBQR4u4xEg3Saop5b3aDgqXEnMyEP7htoI74zNEj3EATraGB71IR2_cGjF2X0awFZxNDFRhcOmf9hOkA4WXTMxOf0zJHRw6FnLSQRw74vp_u5cFoy1jXQrCOiUAlpYxLr32npfQ8cDf0ahBBYz3KGVeOurZzrFViEA57K5WQQsH-B1QWRK8:1rCOw3:wr1rNacSVFO8t09eTWjqOm_tZdAU8qVnbJ6dis7CMuc",
    "expire_date": "2023-12-24T18:53:51.571Z"
  }
},
{
  "model": "sessions.session",
  "pk": "8xwz8fsaiq2p2h6f6mhpqcpdvvw4oh92",
  "fields": {
    "session_data": "eyJzZXNzaW9uX2tleSI6e319:1r80o7:-puN5GXqOtEaAIFaiKHqKiX5vv_zP3HwS4YIJi8ipcU",
    "expire_date": "2023-12-12T16:19:31.746Z"
  }
},
{
  "model": "sessions.session",
  "pk": "bmyzue30z7guk767223bzl4wiclmodws",
  "fields": {
    "session_data": "eyJzZXNzaW9uX2tleSI6e319:1r8mgS:PxxCHAzuWi00jedpPUFfKhLw4YUsvywrFuST5fNunyw",
    "expire_date": "2023-12-14T19:26:48.763Z"
  }
},
{
  "model": "sessions.session",
  "pk": "daezs58r1suf3cxpba6asqkakofpatch",
  "fields": {
    "session_data": ".eJxVjj2PwyAMhv8L67UIYwiF8fbbbkd8pck1Cm0gw6nKfz_QdalkefD7-LGfpKRS5rzaW_ol5kmwt_s2h0QMAU21JifyqC2D4zgR6_Y62b2kzc6xE-Rt5l24pbUH8cet10xDXus2e9oR-koL_coxLZ8v9k0wuTK1bURQgJEJxoCLoIPSQgQeuR8vcsSoUyvGgUvP_KA8DBJH9OnihESBskn_H-jqbJd8zXu1iyvVbumxp1LbEc44noGfQX2DMEIZ4BQQxIAfjBnGyPEHPK1ZNw:1rEsQC:WR06nE0KYXJzIN144Y7g2qpLuXzshHseZPlvAynbo6o",
    "expire_date": "2023-12-31T14:47:12.133Z"
  }
},
{
  "model": "sessions.session",
  "pk": "f31hmbh74pou7so4valymigh971yv0cl",
  "fields": {
    "session_data": "eyJzZXNzaW9uX2tleSI6eyIzIjp7InByaWNlIjoiMTkuOTkiLCJxdHkiOjN9fX0:1r8Q8b:uU5mchiL3IQJsrgEmpt6lLB9Bn8fS_H7ck_C5ShewJE",
    "expire_date": "2023-12-13T19:22:21.272Z"
  }
},
{
  "model": "sessions.session",
  "pk": "g9049dnehyq8dnmew2mnrorbxtemub8z",
  "fields": {
    "session_data": ".eJyrVipOLS7OzM-Lz06tVLKqVjICEQVFmcmpSlZKhpZ6lpZKOkqFJUA541odJRNkWWRJo9raWgCIeRab:1r8Q7g:-aWEfri2w7006hm473HpOlfeIg6HYOL3JT_eSRL4GJs",
    "expire_date": "2023-12-13T19:21:24.507Z"
  }
},
{
  "model": "sessions.session",
  "pk": "hiehz7dkkoi7g9qb8xzzwd3tmxqpm60r",
  "fields": {
    "session_data": "eyJzZXNzaW9uX2tleSI6e319:1r7fO3:CmIYsDN2NgxwWnZ5i6ubxXTdVHhqcWZjw7AEGKSoVfQ",
    "expire_date": "2023-12-11T17:27:11.485Z"
  }
},
{
  "model": "sessions.session",
  "pk": "il943mx5g8roix771mhc8qobwjljct9c",
  "fields": {
    "session_data": "eyJzZXNzaW9uX2tleSI6e319:1r7JkH:1EYEuEg32012kRbrmdx6aKnWm49k_o5KmkoUJndqvWA",
    "expire_date": "2023-12-10T18:20:41.198Z"
  }
},
{
  "model": "sessions.session",
  "pk": "ivngcmdvvfay0mn1q9f948itew8ao107",
  "fields": {
    "session_data": "eyJzZXNzaW9uX2tleSI6e319:1r8mgS:PxxCHAzuWi00jedpPUFfKhLw4YUsvywrFuST5fNunyw",
    "expire_date": "2023-12-14T19:26:48.898Z"
  }
},
{
  "model": "sessions.session",
  "pk": "k6ujfhjlnqr3kaxzt2z0ggccpknx97yi",
  "fields": {
    "session_data": ".eJxVUcFOAjEUFHDBiMFE452DiXqgwoJR7t4IidEPaLpt2S2U7drXJeFgogdNTHqj_pufY7fggR7aN2nfzLzpe_TzWzsI683ZNnAAoXK84GvncW3o92sbFVpQ7myLcSqWRPrqcVdtnI0GYzQeu0_37Gzj1azdpGZbhVaspMbZCzYneaoQS9BSMS4BJQQ8VycgXOaFoAvJAxEYpSuZp13zVyCtHDQxGGK4yzr2eFo1vgS4cTcf4f5kJrhkgCmhGa-cNwljIk_dt62zJDifkVIaVya2LpibNGybeoZU6TWucN1GRhjvw55PiV6J_Aq6iSx5FzLFwXtLNMmZ593e-qgYB6pFYXxcfm6pfCqHIMvU2bNleAO9iqD3T7DNMDvayyvyIaZe9DKccFtkyigc9-Mh7g9xPMKDOzx8wIMYzQvPfIq3aeIV1xCEoxGK0X01VmSU8R-yL1ACoD-g6Lip:1rIZ6R:X9fDgSEvp_S4gQXvrqdNpx6Wh9w_ZTtsdRoeqTgIG94",
    "expire_date": "2024-01-10T18:58:03.468Z"
  }
},
{
  "model": "sessions.session",
  "pk": "l1lhamjeu2abu7jm8twkhqbqgzc3fytv",
  "fields": {
    "session_data": "eyJzZXNzaW9uX2tleSI6e319:1r83Sn:5lW4hMgM199DGxwYkLk_JbU5Sr4cTuSZc4OlUwqQMmQ",
    "expire_date": "2023-12-12T19:09:41.441Z"
  }
},
{
  "model": "sessions.session",
  "pk": "mvon2yo27ysmys1k9u937s9hz1jdzz1b",
  "fields": {
    "session_data": ".eJxVksFv0zAUxllLNqCwSSCuUCEkQKghcZq26YnBhEBVx7QhNHGxHNtp3KZxFtuVhjQJDiAh-Tbz_2KnhbHkEL9nv-997-d8834_ad9ongvzXHcEFYLxEi7oubkweisyLu1VNcPU6B1CMVuiwq4ONqtLo70w8ZPE_DDHRrfP5LmZbOmdquZEYWn0QzJH5Yz7JPWXnNBC-CkSVmu3iaAqK4YXBW2EhOS1a3O0Kf7ZiDoH21BIJKnJd_WdqSs8acJL8-J7s383Y7QgAmKEc-qcbyNCWDkzv3SLpI3zDKlCGpXqFiNm0tYdbBVmvD6HLm5pTzJpfegHU1SvWPlMdNNC0a7IORXWW1qjkljd9a7RHUIFrlklLS47d8EtlZuiUDOj7y-bM6LnBHp_BdYM81vXeHkW4sw2fdp8xasq55JDEIAIBhEEfRjGMBrBEPjzyirvwTVNuKK1aBp7fR_4QzeWJ7m0F3K9gRJ6b7XocaRkDjYMdfeIVu-O8yk7_aomq0My__D2YB6MwP7hm1PwhZ28N_oedBVQCVo7PLoFQjvXf8kU4QV1QLqCY4YKiO3V-Zus8FcL__Pk477r6lxf1eVI5Ea_Blk_pCmJAR3ESQzQIMiyIR1lZBAEWTyiAIfhIOrbd5hQGqdxNsQIATqKgzQMwoHRjzZ9G-kCCQkLPmPllbHb_-Y2-vEGmw25O8eVXNfU9ExRYX_TrmPeC0EPDD8BMI7jcWQhBmEySl4G0TgIjPL_AKdlKtw:1rIa0B:taDTTXCMaHXFzCxUncEAD3vHYp29dBVW3os3FYNsx2g",
    "expire_date": "2024-01-10T19:55:39.903Z"
  }
},
{
  "model": "sessions.session",
  "pk": "z3wnrm1965jsgsfb33flux7hq1k9wh8k",
  "fields": {
    "session_data": "eyJzZXNzaW9uX2tleSI6e319:1r83Sn:5lW4hMgM199DGxwYkLk_JbU5Sr4cTuSZc4OlUwqQMmQ",
    "expire_date": "2023-12-12T19:09:41.686Z"
  }
},
{
  "model": "sessions.session",
  "pk": "z7yvjaiva3a8t5y3dhuaz6jxvtwte50p",
  "fields": {
    "session_data": "eyJzZXNzaW9uX2tleSI6e319:1r7Jhe:-zWrachcH1iWAhNTtjc2lghBCzCMsLTfj697gXgX6kc",
    "expire_date": "2023-12-10T18:17:58.146Z"
  }
},
{
  "model": "store.category",
  "pk": 2,
  "fields": {
    "name": "shoes",
    "slug": "shoes"
  }
},
{
  "model": "store.category",
  "pk": 3,
  "fields": {
    "name": "shirts",
    "slug": "shirts"
  }
},
{
  "model": "store.product",
  "pk": 2,
  "fields": {
    "category": 2,
    "title": "Marvin's brown shoes",
    "brand": "Marvin",
    "description": "Trendy",
    "slug": "marvins-brown-shoes",
    "price": "19.99",
    "image": "images/ed2aa3f371a5b17e068227c9e4aed8d4.jpg"
  }
},
{
  "model": "store.product",
  "pk": 3,
  "fields": {
    "category": 2,
    "title": "Marvin's blue shoes",
    "brand": "Marvin",
    "description": "lol",
    "slug": "marvins-blue-shoes",
    "price": "19.99",
    "image": "images/photo_2023_03_24_15_38_12.jpg"
  }
},
{
  "model": "store.product",
  "pk": 4,
  "fields": {
    "category": 3,
    "title": "Mineral blue shirt",
    "brand": "un-branded",
    "description": "Casual",
    "slug": "mineral-blue-shirt",
    "price": "9.99",
    "image": "images/58710_g1-340x340.jpg"
  }
},
{
  "model": "store.product",
  "pk": 5,
  "fields": {
    "category": 3,
    "title": "Dark shirts",
    "brand": "un-branded",
    "description": "casual wear",
    "slug": "dark-shirts",
    "price": "9.99",
    "image": "images/DSCF9149.JPG"
  }
},
{
  "model": "payment.shippingadress",
  "pk": 2,
  "fields": {
    "full_name": "ihdncihn",
    "email": "ma@ojnjc.ru",
    "address1": "jnj",
    "address2": "nuhuh",
    "city": "mihlkc",
    "state": null,
    "zipcode": null,
    "user": 16
  }
},
{
  "model": "payment.shippingadress",
  "pk": 3,
  "fields": {
    "full_name": "nkjn",
    "email": "xkkn@mail.ru",
    "address1": "knkjn",
    "address2": "kjnkjn",
    "city": "kjnkjn",
    "state": null,
    "zipcode": null,
    "user": 1
  }
},
{
  "model": "payment.order",
  "pk": 1,
  "fields": {
    "full_name": "vdsdv",
    "email": "vds@mail.ru",
    "shipping_address": "fsdfwd\nfsdfvs\nvsdv\n\n",
    "amount_paid": "79.95",
    "date_ordered": "2023-12-08T19:43:52.117Z",
    "user": null
  }
},
{
  "model": "payment.order",
  "pk": 2,
  "fields": {
    "full_name": "cdsd",
    "email": "acfsd@mail.ru",
    "shipping_address": "fdsdg\nvgdsfvbd\ngvdfvb\n\n",
    "amount_paid": "79.95",
    "date_ordered": "2023-12-08T19:45:07.136Z",
    "user": null
  }
},
{
  "model": "payment.order",
  "pk": 3,
  "fields": {
    "full_name": "weefwdv",
    "email": "dsfs@mail.ru",
    "shipping_address": "fwdf\nfgwfw\nwdfsfb\n\n",
    "amount_paid": "0.00",
    "date_ordered": "2023-12-10T12:52:58.135Z",
    "user": null
  }
},
{
  "model": "payment.order",
  "pk": 4,
  "fields": {
    "full_name": "vcfewdvef",
    "email": "dfad@mail.ru",
    "shipping_address": "dsgsf\nsdfdefs\nvdfv\n\n",
    "amount_paid": "0.00",
    "date_ordered": "2023-12-10T12:56:10.263Z",
    "user": null
  }
},
{
  "model": "payment.order",
  "pk": 5,
  "fields": {
    "full_name": "ihdncihn",
    "email": "ma@ojnjc.ru",
    "shipping_address": "jnjnnuhuhnmihlkcnNonenNone",
    "amount_paid": "39.97",
    "date_ordered": "2023-12-10T14:12:44.997Z",
    "user": 16
  }
},
{
  "model": "payment.order",
  "pk": 6,
  "fields": {
    "full_name": "ihdncihn",
    "email": "ma@ojnjc.ru",
    "shipping_address": "jnjnnuhuhnmihlkcnNonenNone",
    "amount_paid": "0.00",
    "date_ordered": "2023-12-10T14:13:01.173Z",
    "user": 16
  }
},
{
  "model": "payment.order",
  "pk": 7,
  "fields": {
    "full_name": "",
    "email": "",
    "shipping_address": "Shipping Adress - 2",
    "amount_paid": "0.00",
    "date_ordered": "2023-12-10T14:47:04.910Z",
    "user": 16
  }
},
{
  "model": "payment.order",
  "pk": 8,
  "fields": {
    "full_name": "",
    "email": "",
    "shipping_address": "Shipping Adress - 2",
    "amount_paid": "0.00",
    "date_ordered": "2023-12-10T14:49:34.378Z",
    "user": 16
  }
},
{
  "model": "payment.order",
  "pk": 9,
  "fields": {
    "full_name": "",
    "email": "",
    "shipping_address": "Shipping Adress - 2",
    "amount_paid": "0.00",
    "date_ordered": "2023-12-10T14:51:33.804Z",
    "user": 16
  }
},
{
  "model": "payment.order",
  "pk": 11,
  "fields": {
    "full_name": "",
    "email": "",
    "shipping_address": "Shipping Adress - 2",
    "amount_paid": "0.00",
    "date_ordered": "2023-12-10T14:59:43.217Z",
    "user": 16
  }
},
{
  "model": "payment.order",
  "pk": 12,
  "fields": {
    "full_name": "",
    "email": "",
    "shipping_address": "Shipping Adress - 2",
    "amount_paid": "59.97",
    "date_ordered": "2023-12-10T15:00:31.469Z",
    "user": 16
  }
},
{
  "model": "payment.order",
  "pk": 13,
  "fields": {
    "full_name": "",
    "email": "",
    "shipping_address": "Shipping Adress - 2",
    "amount_paid": "19.98",
    "date_ordered": "2023-12-10T15:09:12.630Z",
    "user": 16
  }
},
{
  "model": "payment.order",
  "pk": 14,
  "fields": {
    "full_name": "",
    "email": "",
    "shipping_address": "Shipping Adress - 3",
    "amount_paid": "19.98",
    "date_ordered": "2023-12-10T15:28:37.461Z",
    "user": 1
  }
},
{
  "model": "payment.order",
  "pk": 15,
  "fields": {
    "full_name": "",
    "email": "",
    "shipping_address": "Shipping Adress - 3",
    "amount_paid": "19.98",
    "date_ordered": "2023-12-10T15:29:09.358Z",
    "user": 1
  }
},
{
  "model": "payment.order",
  "pk": 16,
  "fields": {
    "full_name": "",
    "email": "",
    "shipping_address": "Shipping Adress - 3",
    "amount_paid": "19.98",
    "date_ordered": "2023-12-10T15:51:03.827Z",
    "user": 1
  }
},
{
  "model": "payment.order",
  "pk": 17,
  "fields": {
    "full_name": "",
    "email": "",
    "shipping_address": "Shipping Adress - 3",
    "amount_paid": "9.99",
    "date_ordered": "2023-12-10T19:21:10.561Z",
    "user": 1
  }
},
{
  "model": "payment.order",
  "pk": 18,
  "fields": {
    "full_name": "",
    "email": "",
    "shipping_address": "Shipping Adress - 3",
    "amount_paid": "9.99",
    "date_ordered": "2023-12-10T19:36:04.868Z",
    "user": 1
  }
},
{
  "model": "payment.order",
  "pk": 19,
  "fields": {
    "full_name": "",
    "email": "",
    "shipping_address": "Shipping Adress - 3",
    "amount_paid": "9.99",
    "date_ordered": "2023-12-10T19:36:21.009Z",
    "user": 1
  }
},
{
  "model": "payment.order",
  "pk": 20,
  "fields": {
    "full_name": "",
    "email": "",
    "shipping_address": "Shipping Adress - 3",
    "amount_paid": "9.99",
    "date_ordered": "2023-12-10T19:36:33.704Z",
    "user": 1
  }
},
{
  "model": "payment.order",
  "pk": 21,
  "fields": {
    "full_name": "",
    "email": "",
    "shipping_address": "Shipping Adress - 3",
    "amount_paid": "9.99",
    "date_ordered": "2023-12-10T19:46:41.829Z",
    "user": 1
  }
},
{
  "model": "payment.order",
  "pk": 22,
  "fields": {
    "full_name": "",
    "email": "",
    "shipping_address": "Shipping Adress - 3",
    "amount_paid": "9.99",
    "date_ordered": "2023-12-10T20:39:39.296Z",
    "user": 1
  }
},
{
  "model": "payment.order",
  "pk": 23,
  "fields": {
    "full_name": "",
    "email": "",
    "shipping_address": "Shipping Adress - 3",
    "amount_paid": "9.99",
    "date_ordered": "2023-12-10T20:39:50.666Z",
    "user": 1
  }
},
{
  "model": "payment.order",
  "pk": 24,
  "fields": {
    "full_name": "",
    "email": "",
    "shipping_address": "Shipping Adress - 3",
    "amount_paid": "9.99",
    "date_ordered": "2023-12-10T21:39:40.751Z",
    "user": 1
  }
},
{
  "model": "payment.order",
  "pk": 25,
  "fields": {
    "full_name": "",
    "email": "",
    "shipping_address": "Shipping Adress - 3",
    "amount_paid": "9.99",
    "date_ordered": "2023-12-10T21:41:01.601Z",
    "user": 1
  }
},
{
  "model": "payment.order",
  "pk": 26,
  "fields": {
    "full_name": "nkjn",
    "email": "kkn@mail.ru",
    "shipping_address": "knkjn\nkjnkjn\nkjnkjn\nNone\nNone",
    "amount_paid": "9.99",
    "date_ordered": "2023-12-11T15:51:28.230Z",
    "user": 1
  }
},
{
  "model": "payment.order",
  "pk": 27,
  "fields": {
    "full_name": "21312412412jn",
    "email": "kkn@mail.ru",
    "shipping_address": "knkjn\nkjnkjn\nkjnkjn\nHello\nfadfasfgas",
    "amount_paid": "9.99",
    "date_ordered": "2023-12-11T15:51:51.388Z",
    "user": 1
  }
},
{
  "model": "payment.order",
  "pk": 29,
  "fields": {
    "full_name": "",
    "email": "",
    "shipping_address": "lnljn\nlnljn\nlnlnl\nNone\n3213",
    "amount_paid": "29.97",
    "date_ordered": "2023-12-11T15:56:46.961Z",
    "user": null
  }
},
{
  "model": "payment.order",
  "pk": 30,
  "fields": {
    "full_name": "",
    "email": "",
    "shipping_address": "lnljn\nlnlnvlds\nnljnkjn kjln\nNone\n12412",
    "amount_paid": "29.97",
    "date_ordered": "2023-12-11T16:00:05.196Z",
    "user": null
  }
},
{
  "model": "payment.order",
  "pk": 31,
  "fields": {
    "full_name": "sdvdv",
    "email": "vsd@mai.ru",
    "shipping_address": "nkbnkn\nknkjn\nknkjn\nkjnkjn\nkjnkjn",
    "amount_paid": "19.99",
    "date_ordered": "2023-12-11T16:04:14.010Z",
    "user": null
  }
},
{
  "model": "payment.order",
  "pk": 32,
  "fields": {
    "full_name": "nojn",
    "email": "kjnkjn@mail.ru",
    "shipping_address": "kn n\nknkjn\nknkjn\nNone\nNone",
    "amount_paid": "19.99",
    "date_ordered": "2023-12-11T16:04:26.358Z",
    "user": null
  }
},
{
  "model": "payment.order",
  "pk": 34,
  "fields": {
    "full_name": "nkjnfdfsvs",
    "email": "kkn@mail.ru",
    "shipping_address": "knkjn\nkjnkjn\nkjnkjn\nNone\nNone",
    "amount_paid": "19.99",
    "date_ordered": "2023-12-11T16:55:08.437Z",
    "user": 1
  }
},
{
  "model": "payment.order",
  "pk": 35,
  "fields": {
    "full_name": "bkhb",
    "email": "kb@njfds.ru",
    "shipping_address": "bkjb\nbkhj\nbkbkbkjb\nNone\nNone",
    "amount_paid": "19.99",
    "date_ordered": "2023-12-11T16:55:30.246Z",
    "user": null
  }
},
{
  "model": "payment.order",
  "pk": 36,
  "fields": {
    "full_name": "nkjn",
    "email": "kkn@mail.ru",
    "shipping_address": "knkjn\nkjnkjn\nkjnkjn\nNone\nNone",
    "amount_paid": "19.99",
    "date_ordered": "2023-12-11T17:27:20.556Z",
    "user": 1
  }
},
{
  "model": "payment.order",
  "pk": 37,
  "fields": {
    "full_name": "nkjn",
    "email": "kkn@mail.ru",
    "shipping_address": "knkjn\nkjnkjn\nkjnkjn\ncds\nNone",
    "amount_paid": "19.99",
    "date_ordered": "2023-12-11T17:27:30.963Z",
    "user": 1
  }
},
{
  "model": "payment.order",
  "pk": 38,
  "fields": {
    "full_name": "nkjn",
    "email": "kkn@mail.ru",
    "shipping_address": "knkjn\nkjnkjn\nkjnkjn\nNone\nNone",
    "amount_paid": "19.99",
    "date_ordered": "2023-12-11T17:28:28.123Z",
    "user": 1
  }
},
{
  "model": "payment.order",
  "pk": 39,
  "fields": {
    "full_name": "nkjn",
    "email": "kkn@mail.ru",
    "shipping_address": "knkjn\nkjnkjn\nkjnkjn\nNone\nNone",
    "amount_paid": "19.99",
    "date_ordered": "2023-12-11T17:38:25.825Z",
    "user": 1
  }
},
{
  "model": "payment.order",
  "pk": 40,
  "fields": {
    "full_name": "nkjn",
    "email": "kkn@mail.ru",
    "shipping_address": "knkjn\nkjnkjn\nkjnkjn\nNone\nNone",
    "amount_paid": "19.99",
    "date_ordered": "2023-12-11T17:52:01.971Z",
    "user": 1
  }
},
{
  "model": "payment.order",
  "pk": 41,
  "fields": {
    "full_name": "nkjn",
    "email": "kkn@mail.ru",
    "shipping_address": "knkjn\nkjnkjn\nkjnkjn\nNone\nNone",
    "amount_paid": "19.99",
    "date_ordered": "2023-12-11T17:53:12.762Z",
    "user": 1
  }
},
{
  "model": "payment.order",
  "pk": 42,
  "fields": {
    "full_name": "nkjn",
    "email": "kkn@mailr.ug",
    "shipping_address": "knkjn\nkjnkjn\nkjnkjn\nNone\nNone",
    "amount_paid": "19.99",
    "date_ordered": "2023-12-11T18:11:56.514Z",
    "user": 1
  }
},
{
  "model": "payment.order",
  "pk": 43,
  "fields": {
    "full_name": "nkjn",
    "email": "kkn@mail.ru",
    "shipping_address": "knkjn\nkjnkjn\nkjnkjn\nNone\nNone",
    "amount_paid": "19.99",
    "date_ordered": "2023-12-11T18:13:05.134Z",
    "user": 1
  }
},
{
  "model": "payment.order",
  "pk": 44,
  "fields": {
    "full_name": "nkjn",
    "email": "kkn@mail.ru",
    "shipping_address": "knkjn\nkjnkjn\nkjnkjn\nNone\nNone",
    "amount_paid": "19.99",
    "date_ordered": "2023-12-11T18:16:43.553Z",
    "user": 1
  }
},
{
  "model": "payment.order",
  "pk": 45,
  "fields": {
    "full_name": "nkjn",
    "email": "kkn@mail.ru",
    "shipping_address": "knkjn\nkjnkjn\nkjnkjn\nNone\nNone",
    "amount_paid": "19.99",
    "date_ordered": "2023-12-11T18:18:02.347Z",
    "user": 1
  }
},
{
  "model": "payment.order",
  "pk": 46,
  "fields": {
    "full_name": "nkjn",
    "email": "kkn@mail.rubdfbd",
    "shipping_address": "knkjn\nkjnkjn\nkjnkjn\nNone\nNone",
    "amount_paid": "19.99",
    "date_ordered": "2023-12-11T18:21:36.290Z",
    "user": 1
  }
},
{
  "model": "payment.order",
  "pk": 47,
  "fields": {
    "full_name": "dafsd",
    "email": "bhjbj@mail.ru",
    "shipping_address": "khbhj\nbjhbjhb\njjhb\nNone\nNone",
    "amount_paid": "19.99",
    "date_ordered": "2023-12-11T18:24:40.570Z",
    "user": null
  }
},
{
  "model": "payment.order",
  "pk": 48,
  "fields": {
    "full_name": "serj",
    "email": "serega@mail.ru",
    "shipping_address": "knkjn21312\nkjnkjn00009\nkjnkjn\nNone\n9020",
    "amount_paid": "19.99",
    "date_ordered": "2023-12-11T18:53:08.862Z",
    "user": 1
  }
},
{
  "model": "payment.order",
  "pk": 49,
  "fields": {
    "full_name": "nkjn",
    "email": "xkkn@mail.ru",
    "shipping_address": "knkjn\nkjnkjn\nkjnkjn\nNone\nNone",
    "amount_paid": "19.99",
    "date_ordered": "2023-12-11T19:01:49.385Z",
    "user": 1
  }
},
{
  "model": "payment.order",
  "pk": 50,
  "fields": {
    "full_name": "dvaavd",
    "email": "xkkn@mail.ru",
    "shipping_address": "knkjn\nkjnkjn\nkjnkjn\nNone\nNone",
    "amount_paid": "19.99",
    "date_ordered": "2023-12-11T19:09:06.531Z",
    "user": 1
  }
},
{
  "model": "payment.order",
  "pk": 51,
  "fields": {
    "full_name": "nkjn",
    "email": "xkkn@mail.ru",
    "shipping_address": "knkjn\nkjnkjn\nkjnkjn\nNone\nNone",
    "amount_paid": "19.99",
    "date_ordered": "2023-12-11T19:20:19.890Z",
    "user": 1
  }
},
{
  "model": "payment.order",
  "pk": 52,
  "fields": {
    "full_name": "nkjn",
    "email": "xkkn@mail.rdsvsdvsfvsf",
    "shipping_address": "knkjn\nkjnkjn\nkjnkjn\nNone\nNone",
    "amount_paid": "19.99",
    "date_ordered": "2023-12-11T19:22:01.775Z",
    "user": 1
  }
},
{
  "model": "payment.order",
  "pk": 53,
  "fields": {
    "full_name": "nkjn",
    "email": "xkkn@mail.ru",
    "shipping_address": "knkjn\nkjnkjn\nkjnkjn\nNone\nNone",
    "amount_paid": "9.99",
    "date_ordered": "2023-12-11T19:31:57.827Z",
    "user": 1
  }
},
{
  "model": "payment.order",
  "pk": 54,
  "fields": {
    "full_name": "nkjn",
    "email": "xkkn@mail.ru",
    "shipping_address": "knkjn\nkjnkjn\nkjnkjn\nNone\nNone",
    "amount_paid": "9.99",
    "date_ordered": "2023-12-11T19:32:32.486Z",
    "user": 1
  }
},
{
  "model": "payment.order",
  "pk": 55,
  "fields": {
    "full_name": "n",
    "email": "xkkn@mail.ru",
    "shipping_address": "knkjn\nkjnkjn\nkjnkjn\nNone\nNone",
    "amount_paid": "9.99",
    "date_ordered": "2023-12-11T19:33:54.901Z",
    "user": 1
  }
},
{
  "model": "payment.order",
  "pk": 56,
  "fields": {
    "full_name": "n",
    "email": "xkkn@mail.ru",
    "shipping_address": "knkjn\nkjnkjn\nkjnkjn\nNone\nNone",
    "amount_paid": "9.99",
    "date_ordered": "2023-12-11T19:34:43.203Z",
    "user": 1
  }
},
{
  "model": "payment.order",
  "pk": 57,
  "fields": {
    "full_name": "nkjn",
    "email": "xkkn@mail.ru",
    "shipping_address": "knkjn\nkjnkjn\nkjnkjn\nNone\nNone",
    "amount_paid": "9.99",
    "date_ordered": "2023-12-11T19:42:14.945Z",
    "user": 1
  }
},
{
  "model": "payment.order",
  "pk": 58,
  "fields": {
    "full_name": "nkjn",
    "email": "xkkn@mail.ru",
    "shipping_address": "knkjn\nkjnkjn\nkjnkjn\nNone\nNone",
    "amount_paid": "9.99",
    "date_ordered": "2023-12-11T19:47:57.921Z",
    "user": 1
  }
},
{
  "model": "payment.order",
  "pk": 59,
  "fields": {
    "full_name": "nkjn",
    "email": "xkkn@mail.ru",
    "shipping_address": "knkjn\nkjnkjn\nkjnkjn\nNone\nNone",
    "amount_paid": "9.99",
    "date_ordered": "2023-12-11T19:48:19.402Z",
    "user": 1
  }
},
{
  "model": "payment.order",
  "pk": 60,
  "fields": {
    "full_name": "nkjn",
    "email": "xkkn@mail.ru",
    "shipping_address": "knkjn\nkjnkjn\nkjnkjn\nNone\nNone",
    "amount_paid": "9.99",
    "date_ordered": "2023-12-11T19:57:20.943Z",
    "user": 1
  }
},
{
  "model": "payment.order",
  "pk": 61,
  "fields": {
    "full_name": "nkjn",
    "email": "xkkn@mail.ru",
    "shipping_address": "knkjn\nkjnkjn\nkjnkjn\nNone\nNone",
    "amount_paid": "9.99",
    "date_ordered": "2023-12-11T20:15:44.056Z",
    "user": 1
  }
},
{
  "model": "payment.order",
  "pk": 62,
  "fields": {
    "full_name": "nkjn",
    "email": "xkkn@mail.ru",
    "shipping_address": "knkjn\nkjnkjn\nваывмыа\nNone\nNone",
    "amount_paid": "19.98",
    "date_ordered": "2023-12-11T20:48:34.274Z",
    "user": 1
  }
},
{
  "model": "payment.order",
  "pk": 63,
  "fields": {
    "full_name": "nkjn",
    "email": "xkkn@mail.ru",
    "shipping_address": "knkjn\nkjnkjn\nваывмыа\nNone\nNone",
    "amount_paid": "19.98",
    "date_ordered": "2023-12-11T20:49:05.049Z",
    "user": 1
  }
},
{
  "model": "payment.order",
  "pk": 64,
  "fields": {
    "full_name": "nkjn",
    "email": "xkkn@mail.ru",
    "shipping_address": "knkjn\nkjnkjn\nkjnkjn\nNone\nNone",
    "amount_paid": "19.98",
    "date_ordered": "2023-12-11T21:00:08.471Z",
    "user": 1
  }
},
{
  "model": "payment.order",
  "pk": 65,
  "fields": {
    "full_name": "nkjn",
    "email": "serega_soad_90@mail.ru",
    "shipping_address": "knkjn\nkjnkjn\nkjnkjn\nNone\nNone",
    "amount_paid": "19.98",
    "date_ordered": "2023-12-12T17:08:41.108Z",
    "user": 1
  }
},
{
  "model": "payment.order",
  "pk": 66,
  "fields": {
    "full_name": "nkjn",
    "email": "leya_13@mail.ru",
    "shipping_address": "knkjn\nkjnkjn\nkjnkjn\nMoscow region\n644089",
    "amount_paid": "19.98",
    "date_ordered": "2023-12-12T17:12:14.899Z",
    "user": 1
  }
},
{
  "model": "payment.order",
  "pk": 67,
  "fields": {
    "full_name": "nkjn",
    "email": "leya_13@mail.ru",
    "shipping_address": "knkjn\nkjnkjn\nkjnkjn\nNone\nNone",
    "amount_paid": "19.98",
    "date_ordered": "2023-12-12T17:12:56.611Z",
    "user": 1
  }
},
{
  "model": "payment.order",
  "pk": 68,
  "fields": {
    "full_name": "sdfsd",
    "email": "serega_soad_90@mail.ru",
    "shipping_address": "sfdsdf\njnj\nkjnkjn\nNone\nNone",
    "amount_paid": "29.97",
    "date_ordered": "2023-12-12T17:20:51.111Z",
    "user": null
  }
},
{
  "model": "payment.order",
  "pk": 69,
  "fields": {
    "full_name": "nkjn",
    "email": "xkkn@mail.ru",
    "shipping_address": "knkjn\nkjnkjn\nkjnkjn\nNone\nNone",
    "amount_paid": "9.99",
    "date_ordered": "2023-12-12T18:34:23.803Z",
    "user": 1
  }
},
{
  "model": "payment.order",
  "pk": 70,
  "fields": {
    "full_name": "sdas",
    "email": "sfasd@mail.ru",
    "shipping_address": "ljh\nlh\nljhj\nNone\nNone",
    "amount_paid": "19.98",
    "date_ordered": "2023-12-17T11:00:55.447Z",
    "user": null
  }
},
{
  "model": "payment.order",
  "pk": 71,
  "fields": {
    "full_name": "nkjn",
    "email": "xkkn@mail.ru",
    "shipping_address": "knkjn\nkjnkjn\nkjnkjn\nNone\nNone",
    "amount_paid": "19.99",
    "date_ordered": "2023-12-27T18:09:03.499Z",
    "user": 1
  }
},
{
  "model": "payment.orderitem",
  "pk": 1,
  "fields": {
    "order": 2,
    "product": 3,
    "quantity": 3,
    "price": "19.99",
    "user": null
  }
},
{
  "model": "payment.orderitem",
  "pk": 2,
  "fields": {
    "order": 2,
    "product": 5,
    "quantity": 2,
    "price": "9.99",
    "user": null
  }
},
{
  "model": "payment.orderitem",
  "pk": 3,
  "fields": {
    "order": 5,
    "product": 4,
    "quantity": 2,
    "price": "9.99",
    "user": 16
  }
},
{
  "model": "payment.orderitem",
  "pk": 4,
  "fields": {
    "order": 5,
    "product": 3,
    "quantity": 1,
    "price": "19.99",
    "user": 16
  }
},
{
  "model": "payment.orderitem",
  "pk": 5,
  "fields": {
    "order": 12,
    "product": 3,
    "quantity": 3,
    "price": "19.99",
    "user": 16
  }
},
{
  "model": "payment.orderitem",
  "pk": 6,
  "fields": {
    "order": 13,
    "product": 5,
    "quantity": 2,
    "price": "9.99",
    "user": 16
  }
},
{
  "model": "payment.orderitem",
  "pk": 7,
  "fields": {
    "order": 14,
    "product": 5,
    "quantity": 2,
    "price": "9.99",
    "user": 1
  }
},
{
  "model": "payment.orderitem",
  "pk": 8,
  "fields": {
    "order": 15,
    "product": 5,
    "quantity": 2,
    "price": "9.99",
    "user": 1
  }
},
{
  "model": "payment.orderitem",
  "pk": 9,
  "fields": {
    "order": 16,
    "product": 5,
    "quantity": 2,
    "price": "9.99",
    "user": 1
  }
},
{
  "model": "payment.orderitem",
  "pk": 11,
  "fields": {
    "order": 18,
    "product": 4,
    "quantity": 1,
    "price": "9.99",
    "user": 1
  }
},
{
  "model": "payment.orderitem",
  "pk": 12,
  "fields": {
    "order": 19,
    "product": 4,
    "quantity": 1,
    "price": "9.99",
    "user": 1
  }
},
{
  "model": "payment.orderitem",
  "pk": 13,
  "fields": {
    "order": 20,
    "product": 4,
    "quantity": 1,
    "price": "9.99",
    "user": 1
  }
},
{
  "model": "payment.orderitem",
  "pk": 14,
  "fields": {
    "order": 21,
    "product": 5,
    "quantity": 1,
    "price": "9.99",
    "user": 1
  }
},
{
  "model": "payment.orderitem",
  "pk": 15,
  "fields": {
    "order": 22,
    "product": 5,
    "quantity": 1,
    "price": "9.99",
    "user": 1
  }
},
{
  "model": "payment.orderitem",
  "pk": 16,
  "fields": {
    "order": 23,
    "product": 5,
    "quantity": 1,
    "price": "9.99",
    "user": 1
  }
},
{
  "model": "payment.orderitem",
  "pk": 17,
  "fields": {
    "order": 24,
    "product": 5,
    "quantity": 1,
    "price": "9.99",
    "user": 1
  }
},
{
  "model": "payment.orderitem",
  "pk": 18,
  "fields": {
    "order": 25,
    "product": 5,
    "quantity": 1,
    "price": "9.99",
    "user": 1
  }
},
{
  "model": "payment.orderitem",
  "pk": 19,
  "fields": {
    "order": 26,
    "product": 5,
    "quantity": 1,
    "price": "9.99",
    "user": 1
  }
},
{
  "model": "payment.orderitem",
  "pk": 20,
  "fields": {
    "order": 27,
    "product": 5,
    "quantity": 1,
    "price": "9.99",
    "user": 1
  }
},
{
  "model": "payment.orderitem",
  "pk": 22,
  "fields": {
    "order": 29,
    "product": 4,
    "quantity": 3,
    "price": "9.99",
    "user": null
  }
},
{
  "model": "payment.orderitem",
  "pk": 23,
  "fields": {
    "order": 30,
    "product": 4,
    "quantity": 3,
    "price": "9.99",
    "user": null
  }
},
{
  "model": "payment.orderitem",
  "pk": 24,
  "fields": {
    "order": 31,
    "product": 3,
    "quantity": 1,
    "price": "19.99",
    "user": null
  }
},
{
  "model": "payment.orderitem",
  "pk": 25,
  "fields": {
    "order": 32,
    "product": 3,
    "quantity": 1,
    "price": "19.99",
    "user": null
  }
},
{
  "model": "payment.orderitem",
  "pk": 27,
  "fields": {
    "order": 34,
    "product": 2,
    "quantity": 1,
    "price": "19.99",
    "user": 1
  }
},
{
  "model": "payment.orderitem",
  "pk": 28,
  "fields": {
    "order": 35,
    "product": 2,
    "quantity": 1,
    "price": "19.99",
    "user": null
  }
},
{
  "model": "payment.orderitem",
  "pk": 29,
  "fields": {
    "order": 36,
    "product": 2,
    "quantity": 1,
    "price": "19.99",
    "user": 1
  }
},
{
  "model": "payment.orderitem",
  "pk": 30,
  "fields": {
    "order": 37,
    "product": 2,
    "quantity": 1,
    "price": "19.99",
    "user": 1
  }
},
{
  "model": "payment.orderitem",
  "pk": 31,
  "fields": {
    "order": 38,
    "product": 2,
    "quantity": 1,
    "price": "19.99",
    "user": 1
  }
},
{
  "model": "payment.orderitem",
  "pk": 32,
  "fields": {
    "order": 39,
    "product": 2,
    "quantity": 1,
    "price": "19.99",
    "user": 1
  }
},
{
  "model": "payment.orderitem",
  "pk": 33,
  "fields": {
    "order": 40,
    "product": 2,
    "quantity": 1,
    "price": "19.99",
    "user": 1
  }
},
{
  "model": "payment.orderitem",
  "pk": 34,
  "fields": {
    "order": 41,
    "product": 2,
    "quantity": 1,
    "price": "19.99",
    "user": 1
  }
},
{
  "model": "payment.orderitem",
  "pk": 35,
  "fields": {
    "order": 42,
    "product": 2,
    "quantity": 1,
    "price": "19.99",
    "user": 1
  }
},
{
  "model": "payment.orderitem",
  "pk": 36,
  "fields": {
    "order": 43,
    "product": 2,
    "quantity": 1,
    "price": "19.99",
    "user": 1
  }
},
{
  "model": "payment.orderitem",
  "pk": 37,
  "fields": {
    "order": 44,
    "product": 2,
    "quantity": 1,
    "price": "19.99",
    "user": 1
  }
},
{
  "model": "payment.orderitem",
  "pk": 38,
  "fields": {
    "order": 45,
    "product": 2,
    "quantity": 1,
    "price": "19.99",
    "user": 1
  }
},
{
  "model": "payment.orderitem",
  "pk": 39,
  "fields": {
    "order": 46,
    "product": 2,
    "quantity": 1,
    "price": "19.99",
    "user": 1
  }
},
{
  "model": "payment.orderitem",
  "pk": 40,
  "fields": {
    "order": 47,
    "product": 2,
    "quantity": 1,
    "price": "19.99",
    "user": null
  }
},
{
  "model": "payment.orderitem",
  "pk": 41,
  "fields": {
    "order": 48,
    "product": 2,
    "quantity": 1,
    "price": "19.99",
    "user": 1
  }
},
{
  "model": "payment.orderitem",
  "pk": 42,
  "fields": {
    "order": 49,
    "product": 3,
    "quantity": 1,
    "price": "19.99",
    "user": 1
  }
},
{
  "model": "payment.orderitem",
  "pk": 43,
  "fields": {
    "order": 50,
    "product": 3,
    "quantity": 1,
    "price": "19.99",
    "user": 1
  }
},
{
  "model": "payment.orderitem",
  "pk": 44,
  "fields": {
    "order": 51,
    "product": 3,
    "quantity": 1,
    "price": "19.99",
    "user": 1
  }
},
{
  "model": "payment.orderitem",
  "pk": 45,
  "fields": {
    "order": 52,
    "product": 3,
    "quantity": 1,
    "price": "19.99",
    "user": 1
  }
},
{
  "model": "payment.orderitem",
  "pk": 46,
  "fields": {
    "order": 53,
    "product": 5,
    "quantity": 1,
    "price": "9.99",
    "user": 1
  }
},
{
  "model": "payment.orderitem",
  "pk": 47,
  "fields": {
    "order": 54,
    "product": 5,
    "quantity": 1,
    "price": "9.99",
    "user": 1
  }
},
{
  "model": "payment.orderitem",
  "pk": 48,
  "fields": {
    "order": 55,
    "product": 5,
    "quantity": 1,
    "price": "9.99",
    "user": 1
  }
},
{
  "model": "payment.orderitem",
  "pk": 49,
  "fields": {
    "order": 56,
    "product": 5,
    "quantity": 1,
    "price": "9.99",
    "user": 1
  }
},
{
  "model": "payment.orderitem",
  "pk": 50,
  "fields": {
    "order": 57,
    "product": 5,
    "quantity": 1,
    "price": "9.99",
    "user": 1
  }
},
{
  "model": "payment.orderitem",
  "pk": 51,
  "fields": {
    "order": 58,
    "product": 5,
    "quantity": 1,
    "price": "9.99",
    "user": 1
  }
},
{
  "model": "payment.orderitem",
  "pk": 52,
  "fields": {
    "order": 59,
    "product": 5,
    "quantity": 1,
    "price": "9.99",
    "user": 1
  }
},
{
  "model": "payment.orderitem",
  "pk": 53,
  "fields": {
    "order": 60,
    "product": 5,
    "quantity": 1,
    "price": "9.99",
    "user": 1
  }
},
{
  "model": "payment.orderitem",
  "pk": 54,
  "fields": {
    "order": 61,
    "product": 5,
    "quantity": 1,
    "price": "9.99",
    "user": 1
  }
},
{
  "model": "payment.orderitem",
  "pk": 55,
  "fields": {
    "order": 62,
    "product": 5,
    "quantity": 2,
    "price": "9.99",
    "user": 1
  }
},
{
  "model": "payment.orderitem",
  "pk": 56,
  "fields": {
    "order": 63,
    "product": 5,
    "quantity": 2,
    "price": "9.99",
    "user": 1
  }
},
{
  "model": "payment.orderitem",
  "pk": 57,
  "fields": {
    "order": 64,
    "product": 5,
    "quantity": 2,
    "price": "9.99",
    "user": 1
  }
},
{
  "model": "payment.orderitem",
  "pk": 58,
  "fields": {
    "order": 65,
    "product": 5,
    "quantity": 2,
    "price": "9.99",
    "user": 1
  }
},
{
  "model": "payment.orderitem",
  "pk": 59,
  "fields": {
    "order": 66,
    "product": 5,
    "quantity": 2,
    "price": "9.99",
    "user": 1
  }
},
{
  "model": "payment.orderitem",
  "pk": 60,
  "fields": {
    "order": 67,
    "product": 5,
    "quantity": 2,
    "price": "9.99",
    "user": 1
  }
},
{
  "model": "payment.orderitem",
  "pk": 61,
  "fields": {
    "order": 68,
    "product": 4,
    "quantity": 3,
    "price": "9.99",
    "user": null
  }
},
{
  "model": "payment.orderitem",
  "pk": 62,
  "fields": {
    "order": 69,
    "product": 5,
    "quantity": 1,
    "price": "9.99",
    "user": 1
  }
},
{
  "model": "payment.orderitem",
  "pk": 63,
  "fields": {
    "order": 70,
    "product": 4,
    "quantity": 2,
    "price": "9.99",
    "user": null
  }
},
{
  "model": "payment.orderitem",
  "pk": 64,
  "fields": {
    "order": 71,
    "product": 3,
    "quantity": 1,
    "price": "19.99",
    "user": 1
  }
},
{
  "model": "axes.accesslog",
  "pk": 1,
  "fields": {
    "user_agent": "Mozilla/5.0 (Macintosh; Intel Mac OS X 10_15_7) AppleWebKit/605.1.15 (KHTML, like Gecko) Version/16.4 Safari/605.1.15",
    "ip_address": "127.0.0.1",
    "username": "SerJ",
    "http_accept": "text/html,application/xhtml+xml,application/xml;q=0.9,*/*;q=0.8",
    "path_info": "/account/my-login",
    "attempt_time": "2023-12-14T20:21:43.030Z",
    "logout_time": "2023-12-17T10:16:20.990Z"
  }
},
{
  "model": "axes.accesslog",
  "pk": 2,
  "fields": {
    "user_agent": "Mozilla/5.0 (Macintosh; Intel Mac OS X 10_15_7) AppleWebKit/605.1.15 (KHTML, like Gecko) Version/16.4 Safari/605.1.15",
    "ip_address": "127.0.0.1",
    "username": "root",
    "http_accept": "text/html,application/xhtml+xml,application/xml;q=0.9,*/*;q=0.8",
    "path_info": "/account/my-login",
    "attempt_time": "2023-12-14T20:25:25.947Z",
    "logout_time": "2023-12-18T15:43:27.737Z"
  }
},
{
  "model": "axes.accesslog",
  "pk": 3,
  "fields": {
    "user_agent": "Mozilla/5.0 (Macintosh; Intel Mac OS X 10_15_7) AppleWebKit/605.1.15 (KHTML, like Gecko) Version/16.4 Safari/605.1.15",
    "ip_address": "127.0.0.1",
    "username": "SerJ",
    "http_accept": "text/html,application/xhtml+xml,application/xml;q=0.9,*/*;q=0.8",
    "path_info": "/account/my-login",
    "attempt_time": "2023-12-15T15:59:41.331Z",
    "logout_time": "2023-12-17T10:16:20.990Z"
  }
},
{
  "model": "axes.accesslog",
  "pk": 4,
  "fields": {
    "user_agent": "Mozilla/5.0 (Macintosh; Intel Mac OS X 10_15_7) AppleWebKit/605.1.15 (KHTML, like Gecko) Version/16.4 Safari/605.1.15",
    "ip_address": "127.0.0.1",
    "username": "SerJ",
    "http_accept": "text/html,application/xhtml+xml,application/xml;q=0.9,*/*;q=0.8",
    "path_info": "/account/my-login",
    "attempt_time": "2023-12-15T16:59:36.555Z",
    "logout_time": "2023-12-17T10:16:20.990Z"
  }
},
{
  "model": "axes.accesslog",
  "pk": 5,
  "fields": {
    "user_agent": "Mozilla/5.0 (Macintosh; Intel Mac OS X 10_15_7) AppleWebKit/605.1.15 (KHTML, like Gecko) Version/16.4 Safari/605.1.15",
    "ip_address": "127.0.0.1",
    "username": "SerJ",
    "http_accept": "text/html,application/xhtml+xml,application/xml;q=0.9,*/*;q=0.8",
    "path_info": "/account/my-login",
    "attempt_time": "2023-12-17T10:22:25.570Z",
    "logout_time": null
  }
},
{
  "model": "axes.accesslog",
  "pk": 6,
  "fields": {
    "user_agent": "Mozilla/5.0 (Macintosh; Intel Mac OS X 10_15_7) AppleWebKit/605.1.15 (KHTML, like Gecko) Version/16.4 Safari/605.1.15",
    "ip_address": "127.0.0.1",
    "username": "root",
    "http_accept": "text/html,application/xhtml+xml,application/xml;q=0.9,*/*;q=0.8",
    "path_info": "/account/my-login",
    "attempt_time": "2023-12-17T10:24:03.161Z",
    "logout_time": "2023-12-18T15:43:27.737Z"
  }
},
{
  "model": "axes.accesslog",
  "pk": 7,
  "fields": {
    "user_agent": "Mozilla/5.0 (Macintosh; Intel Mac OS X 10_15_7) AppleWebKit/605.1.15 (KHTML, like Gecko) Version/16.4 Safari/605.1.15",
    "ip_address": "127.0.0.1",
    "username": "root",
    "http_accept": "text/html,application/xhtml+xml,application/xml;q=0.9,*/*;q=0.8",
    "path_info": "/account/my-login",
    "attempt_time": "2023-12-17T10:27:03.339Z",
    "logout_time": "2023-12-18T15:43:27.737Z"
  }
},
{
  "model": "axes.accesslog",
  "pk": 8,
  "fields": {
    "user_agent": "Mozilla/5.0 (Macintosh; Intel Mac OS X 10_15_7) AppleWebKit/605.1.15 (KHTML, like Gecko) Version/16.4 Safari/605.1.15",
    "ip_address": "127.0.0.1",
    "username": "root",
    "http_accept": "text/html,application/xhtml+xml,application/xml;q=0.9,*/*;q=0.8",
    "path_info": "/account/my-login",
    "attempt_time": "2023-12-17T10:39:49.126Z",
    "logout_time": "2023-12-18T15:43:27.737Z"
  }
},
{
  "model": "axes.accesslog",
  "pk": 9,
  "fields": {
    "user_agent": "Mozilla/5.0 (Macintosh; Intel Mac OS X 10_15_7) AppleWebKit/605.1.15 (KHTML, like Gecko) Version/16.4 Safari/605.1.15",
    "ip_address": "127.0.0.1",
    "username": "root",
    "http_accept": "text/html,application/xhtml+xml,application/xml;q=0.9,*/*;q=0.8",
    "path_info": "/account/my-login",
    "attempt_time": "2023-12-17T10:40:30.260Z",
    "logout_time": "2023-12-18T15:43:27.737Z"
  }
},
{
  "model": "axes.accesslog",
  "pk": 11,
  "fields": {
    "user_agent": "Mozilla/5.0 (Macintosh; Intel Mac OS X 10_15_7) AppleWebKit/605.1.15 (KHTML, like Gecko) Version/16.4 Safari/605.1.15",
    "ip_address": "127.0.0.1",
    "username": "SerJ",
    "http_accept": "text/html,application/xhtml+xml,application/xml;q=0.9,*/*;q=0.8",
    "path_info": "/account/my-login",
    "attempt_time": "2023-12-17T14:14:30.007Z",
    "logout_time": null
  }
},
{
  "model": "axes.accesslog",
  "pk": 12,
  "fields": {
    "user_agent": "Mozilla/5.0 (Macintosh; Intel Mac OS X 10_15_7) AppleWebKit/605.1.15 (KHTML, like Gecko) Version/16.4 Safari/605.1.15",
    "ip_address": "127.0.0.1",
    "username": "SerJ",
    "http_accept": "text/html,application/xhtml+xml,application/xml;q=0.9,*/*;q=0.8",
    "path_info": "/account/my-login",
    "attempt_time": "2023-12-17T14:16:07.263Z",
    "logout_time": null
  }
},
{
  "model": "axes.accesslog",
  "pk": 13,
  "fields": {
    "user_agent": "Mozilla/5.0 (Macintosh; Intel Mac OS X 10_15_7) AppleWebKit/605.1.15 (KHTML, like Gecko) Version/16.4 Safari/605.1.15",
    "ip_address": "127.0.0.1",
    "username": "SerJ",
    "http_accept": "text/html,application/xhtml+xml,application/xml;q=0.9,*/*;q=0.8",
    "path_info": "/account/my-login",
    "attempt_time": "2023-12-17T14:22:47.883Z",
    "logout_time": null
  }
},
{
  "model": "axes.accesslog",
  "pk": 14,
  "fields": {
    "user_agent": "Mozilla/5.0 (Macintosh; Intel Mac OS X 10_15_7) AppleWebKit/605.1.15 (KHTML, like Gecko) Version/16.4 Safari/605.1.15",
    "ip_address": "127.0.0.1",
    "username": "root",
    "http_accept": "text/html,application/xhtml+xml,application/xml;q=0.9,*/*;q=0.8",
    "path_info": "/account/my-login",
    "attempt_time": "2023-12-17T14:37:46.800Z",
    "logout_time": "2023-12-18T15:43:27.737Z"
  }
},
{
  "model": "axes.accesslog",
  "pk": 15,
  "fields": {
    "user_agent": "Mozilla/5.0 (Macintosh; Intel Mac OS X 10_15_7) AppleWebKit/537.36 (KHTML, like Gecko) Chrome/106.0.0.0 Safari/537.36",
    "ip_address": "127.0.0.1",
    "username": "root",
    "http_accept": "text/html,application/xhtml+xml,application/xml;q=0.9,image/avif,image/webp,image/apng,*/*;q=0.8,application/signed-exchange;v=b3;q=0.9",
    "path_info": "/account/my-login",
    "attempt_time": "2023-12-17T14:47:12.123Z",
    "logout_time": "2023-12-18T15:43:27.737Z"
  }
},
{
  "model": "axes.accesslog",
  "pk": 16,
  "fields": {
    "user_agent": "Mozilla/5.0 (Macintosh; Intel Mac OS X 10_15_7) AppleWebKit/605.1.15 (KHTML, like Gecko) Version/16.4 Safari/605.1.15",
    "ip_address": "127.0.0.1",
    "username": "root",
    "http_accept": "text/html,application/xhtml+xml,application/xml;q=0.9,*/*;q=0.8",
    "path_info": "/account/my-login",
    "attempt_time": "2023-12-17T15:14:19.906Z",
    "logout_time": "2023-12-18T15:43:27.737Z"
  }
},
{
  "model": "axes.accesslog",
  "pk": 17,
  "fields": {
    "user_agent": "Mozilla/5.0 (Macintosh; Intel Mac OS X 10_15_7) AppleWebKit/605.1.15 (KHTML, like Gecko) Version/16.4 Safari/605.1.15",
    "ip_address": "127.0.0.1",
    "username": "SerJ",
    "http_accept": "text/html,application/xhtml+xml,application/xml;q=0.9,*/*;q=0.8",
    "path_info": "/account/my-login",
    "attempt_time": "2023-12-17T15:16:05.941Z",
    "logout_time": null
  }
},
{
  "model": "axes.accesslog",
  "pk": 18,
  "fields": {
    "user_agent": "Mozilla/5.0 (Macintosh; Intel Mac OS X 10_15_7) AppleWebKit/605.1.15 (KHTML, like Gecko) Version/16.4 Safari/605.1.15",
    "ip_address": "127.0.0.1",
    "username": "root",
    "http_accept": "text/html,application/xhtml+xml,application/xml;q=0.9,*/*;q=0.8",
    "path_info": "/account/my-login",
    "attempt_time": "2023-12-17T15:16:36.735Z",
    "logout_time": "2023-12-18T15:43:27.737Z"
  }
},
{
  "model": "axes.accesslog",
  "pk": 19,
  "fields": {
    "user_agent": "Mozilla/5.0 (Macintosh; Intel Mac OS X 10_15_7) AppleWebKit/605.1.15 (KHTML, like Gecko) Version/16.4 Safari/605.1.15",
    "ip_address": "127.0.0.1",
    "username": "root",
    "http_accept": "text/html,application/xhtml+xml,application/xml;q=0.9,*/*;q=0.8",
    "path_info": "/account/my-login",
    "attempt_time": "2023-12-18T15:43:55.782Z",
    "logout_time": "2023-12-27T17:02:25.427Z"
  }
},
{
  "model": "axes.accesslog",
  "pk": 20,
  "fields": {
    "user_agent": "Mozilla/5.0 (Macintosh; Intel Mac OS X 10_15_7) AppleWebKit/605.1.15 (KHTML, like Gecko) Version/16.4 Safari/605.1.15",
    "ip_address": "127.0.0.1",
    "username": "root",
    "http_accept": "text/html,application/xhtml+xml,application/xml;q=0.9,*/*;q=0.8",
    "path_info": "/account/my-login",
    "attempt_time": "2023-12-27T17:02:34.241Z",
    "logout_time": null
  }
},
{
  "model": "axes.accesslog",
  "pk": 21,
  "fields": {
    "user_agent": "Mozilla/5.0 (Macintosh; Intel Mac OS X 10_15_7) AppleWebKit/605.1.15 (KHTML, like Gecko) Version/16.4 Safari/605.1.15",
    "ip_address": "127.0.0.1",
    "username": "root",
    "http_accept": "text/html,application/xhtml+xml,application/xml;q=0.9,*/*;q=0.8",
    "path_info": "/account/my-login",
    "attempt_time": "2023-12-27T19:06:56.385Z",
    "logout_time": null
  }
},
{
  "model": "axes.accesslog",
  "pk": 22,
  "fields": {
    "user_agent": "Mozilla/5.0 (Macintosh; Intel Mac OS X 10_15_7) AppleWebKit/605.1.15 (KHTML, like Gecko) Version/16.4 Safari/605.1.15",
    "ip_address": "127.0.0.1",
    "username": "risen_superstar",
    "http_accept": "text/html,application/xhtml+xml,application/xml;q=0.9,*/*;q=0.8",
    "path_info": "/social-auth/complete/vk-oauth2/",
    "attempt_time": "2023-12-27T19:30:22.486Z",
    "logout_time": null
  }
},
{
  "model": "axes.accesslog",
  "pk": 23,
  "fields": {
    "user_agent": "Mozilla/5.0 (Macintosh; Intel Mac OS X 10_15_7) AppleWebKit/605.1.15 (KHTML, like Gecko) Version/16.4 Safari/605.1.15",
    "ip_address": "127.0.0.1",
    "username": "risen_superstar",
    "http_accept": "text/html,application/xhtml+xml,application/xml;q=0.9,*/*;q=0.8",
    "path_info": "/social-auth/complete/vk-oauth2/",
    "attempt_time": "2023-12-27T19:31:28.974Z",
    "logout_time": null
  }
},
{
  "model": "axes.accesslog",
  "pk": 24,
  "fields": {
    "user_agent": "Mozilla/5.0 (Macintosh; Intel Mac OS X 10_15_7) AppleWebKit/605.1.15 (KHTML, like Gecko) Version/16.4 Safari/605.1.15",
    "ip_address": "127.0.0.1",
    "username": "risen_superstar",
    "http_accept": "text/html,application/xhtml+xml,application/xml;q=0.9,*/*;q=0.8",
    "path_info": "/social-auth/complete/vk-oauth2/",
    "attempt_time": "2023-12-27T19:39:34.160Z",
    "logout_time": null
  }
},
{
  "model": "axes.accesslog",
  "pk": 25,
  "fields": {
    "user_agent": "Mozilla/5.0 (Macintosh; Intel Mac OS X 10_15_7) AppleWebKit/605.1.15 (KHTML, like Gecko) Version/16.4 Safari/605.1.15",
    "ip_address": "127.0.0.1",
    "username": "root",
    "http_accept": "text/html,application/xhtml+xml,application/xml;q=0.9,*/*;q=0.8",
    "path_info": "/admin/login/",
    "attempt_time": "2023-12-27T19:41:05.921Z",
    "logout_time": null
  }
},
{
  "model": "axes.accesslog",
  "pk": 26,
  "fields": {
    "user_agent": "Mozilla/5.0 (Macintosh; Intel Mac OS X 10_15_7) AppleWebKit/605.1.15 (KHTML, like Gecko) Version/16.4 Safari/605.1.15",
    "ip_address": "127.0.0.1",
    "username": "risen_superstarfa0b564bcb7f4b9d",
    "http_accept": "text/html,application/xhtml+xml,application/xml;q=0.9,*/*;q=0.8",
    "path_info": "/social-auth/complete/vk-oauth2/",
    "attempt_time": "2023-12-27T19:41:42.933Z",
    "logout_time": null
  }
},
{
  "model": "axes.accesslog",
  "pk": 27,
  "fields": {
    "user_agent": "Mozilla/5.0 (Macintosh; Intel Mac OS X 10_15_7) AppleWebKit/605.1.15 (KHTML, like Gecko) Version/16.4 Safari/605.1.15",
    "ip_address": "127.0.0.1",
    "username": "risen_superstarfa0b564bcb7f4b9d",
    "http_accept": "text/html,application/xhtml+xml,application/xml;q=0.9,*/*;q=0.8",
    "path_info": "/social-auth/complete/vk-oauth2/",
    "attempt_time": "2023-12-27T19:44:17.946Z",
    "logout_time": null
  }
},
{
  "model": "axes.accesslog",
  "pk": 28,
  "fields": {
    "user_agent": "Mozilla/5.0 (Macintosh; Intel Mac OS X 10_15_7) AppleWebKit/605.1.15 (KHTML, like Gecko) Version/16.4 Safari/605.1.15",
    "ip_address": "127.0.0.1",
    "username": "risen_superstarfa0b564bcb7f4b9d",
    "http_accept": "text/html,application/xhtml+xml,application/xml;q=0.9,*/*;q=0.8",
    "path_info": "/social-auth/complete/vk-oauth2/",
    "attempt_time": "2023-12-27T19:52:51.310Z",
    "logout_time": null
  }
},
{
  "model": "axes.accesslog",
  "pk": 29,
  "fields": {
    "user_agent": "Mozilla/5.0 (Macintosh; Intel Mac OS X 10_15_7) AppleWebKit/605.1.15 (KHTML, like Gecko) Version/16.4 Safari/605.1.15",
    "ip_address": "127.0.0.1",
    "username": "root",
    "http_accept": "text/html,application/xhtml+xml,application/xml;q=0.9,*/*;q=0.8",
    "path_info": "/account/my-login",
    "attempt_time": "2023-12-27T19:55:03.261Z",
    "logout_time": null
  }
},
{
  "model": "axes.accesslog",
  "pk": 30,
  "fields": {
    "user_agent": "Mozilla/5.0 (Macintosh; Intel Mac OS X 10_15_7) AppleWebKit/605.1.15 (KHTML, like Gecko) Version/16.4 Safari/605.1.15",
    "ip_address": "127.0.0.1",
    "username": "risen_superstar",
    "http_accept": "text/html,application/xhtml+xml,application/xml;q=0.9,*/*;q=0.8",
    "path_info": "/social-auth/complete/vk-oauth2/",
    "attempt_time": "2023-12-27T19:55:36.972Z",
    "logout_time": null
  }
},
{
  "model": "social_django.usersocialauth",
  "pk": 3,
  "fields": {
    "user": 21,
    "provider": "vk-oauth2",
    "uid": "8624551",
    "extra_data": {
      "auth_time": 1703706936,
      "id": 8624551,
      "expires": 86400,
      "access_token": "vk1.a.-pu0FkPcS2Pw4a2Cn_bgQfAxySlPw0nCgqqtjM_RAM7phUM-NEflkI5KlAhY4y41R1K1lCtiZpxLSAWd-JM-yhoTz4TXtugt6GnFIBeCrytHm2x30eG0CPEghdn8efsA4Fu2DmbOspS1aG4RrX9_ZY0HkVgYuGesvLzJPCSFVXf8faSifaucmBML8nPZqiInkpfx5ZUfpOUWYmoMcZvsUQ",
      "token_type": null
    },
    "created": "2023-12-27T19:55:36.955Z",
    "modified": "2023-12-27T19:55:36.957Z"
  }
}
]
